competencia,inicio,fim,prazo_envio,descricao
202401,2024-01-01,2024-01-31,2024-02-10,Competência 01/2024
202402,2024-02-01,2024-02-29,2024-03-10,Competência 02/2024
202403,2024-03-01,2024-03-31,2024-04-10,Competência 03/2024
202404,2024-04-01,2024-04-30,2024-05-10,Competência 04/2024
202405,2024-05-01,2024-05-31,2024-06-10,Competência 05/2024
202406,2024-06-01,2024-06-30,2024-07-10,Competência 06/2024
202407,2024-07-01,2024-07-31,2024-08-10,Competência 07/2024
202408,2024-08-01,2024-08-31,2024-09-10,Competência 08/2024
202409,2024-09-01,2024-09-30,2024-10-10,Competência 09/2024
202410,2024-10-01,2024-10-31,2024-11-10,Competência 10/2024
202411,2024-11-01,2024-11-30,2024-12-10,Competência 11/2024
202412,2024-12-01,2024-12-31,2025-01-10,Competência 12/2024
202501,2025-01-01,2025-01-31,2025-02-10,Competência 01/2025
202502,2025-02-01,2025-02-28,2025-03-10,Competência 02/2025
202503,2025-03-01,2025-03-31,2025-04-10,Competência 03/2025
202504,2025-04-01,2025-04-30,2025-05-10,Competência 04/2025
202505,2025-05-01,2025-05-31,2025-06-10,Competência 05/2025
202506,2025-06-01,2025-06-30,2025-07-10,Competência 06/2025
202507,2025-07-01,2025-07-31,2025-08-10,Competência 07/2025
202508,2025-08-01,2025-08-31,2025-09-10,Competência 08/2025
202509,2025-09-01,2025-09-30,2025-10-10,Competência 09/2025
202510,2025-10-01,2025-10-31,2025-11-10,Competência 10/2025
202511,2025-11-01,2025-11-30,2025-12-10,Competência 11/2025
202512,2025-12-01,2025-12-31,2026-01-10,Competência 12/2025
202601,2026-01-01,2026-01-31,2026-02-10,Competência 01/2026
202602,2026-02-01,2026-02-28,2026-03-10,Competência 02/2026
202603,2026-03-01,2026-03-31,2026-04-10,Competência 03/2026
202604,2026-04-01,2026-04-30,2026-05-10,Competência 04/2026
202605,2026-05-01,2026-05-31,2026-06-10,Competência 05/2026
202606,2026-06-01,2026-06-30,2026-07-10,Competência 06/2026
202607,2026-07-01,2026-07-31,2026-08-10,Competência 07/2026
202608,2026-08-01,2026-08-31,2026-09-10,Competência 08/2026
202609,2026-09-01,2026-09-30,2026-10-10,Competência 09/2026
202610,2026-10-01,2026-10-31,2026-11-10,Competência 10/2026
202611,2026-11-01,2026-11-30,2026-12-10,Competência 11/2026
202612,2026-12-01,2026-12-31,2027-01-10,Competência 12/2026
202701,2027-01-01,2027-01-31,2027-02-10,Competência 01/2027
202702,2027-02-01,2027-02-28,2027-03-10,Competência 02/2027
202703,2027-03-01,2027-03-31,2027-04-10,Competência 03/2027
202704,2027-04-01,2027-04-30,2027-05-10,Competência 04/2027
202705,2027-05-01,2027-05-31,2027-06-10,Competência 05/2027
202706,2027-06-01,2027-06-30,2027-07-10,Competência 06/2027
202707,2027-07-01,2027-07-31,2027-08-10,Competência 07/2027
202708,2027-08-01,2027-08-31,2027-09-10,Competência 08/2027
202709,2027-09-01,2027-09-30,2027-10-10,Competência 09/2027
202710,2027-10-01,2027-10-31,2027-11-10,Competência 10/2027
202711,2027-11-01,2027-11-30,2027-12-10,Competência 11/2027
202712,2027-12-01,2027-12-31,2028-01-10,Competência 12/2027
202801,2028-01-01,2028-01-31,2028-02-10,Competência 01/2028
202802,2028-02-01,2028-02-29,2028-03-10,Competência 02/2028
202803,2028-03-01,2028-03-31,2028-04-10,Competência 03/2028
202804,2028-04-01,2028-04-30,2028-05-10,Competência 04/2028
202805,2028-05-01,2028-05-31,2028-06-10,Competência 05/2028
202806,2028-06-01,2028-06-30,2028-07-10,Competência 06/2028
202807,2028-07-01,2028-07-31,2028-08-10,Competência 07/2028
202808,2028-08-01,2028-08-31,2028-09-10,Competência 08/2028
202809,2028-09-01,2028-09-30,2028-10-10,Competência 09/2028
202810,2028-10-01,2028-10-31,2028-11-10,Competência 10/2028
202811,2028-11-01,2028-11-30,2028-12-10,Competência 11/2028
202812,2028-12-01,2028-12-31,2029-01-10,Competência 12/2028
